{"cameraMode":{"drawMode":0,"name":"Shaded","section":"Shading Mode"},"sceneLighting":true,"audioPlay":false,"sceneViewState":{"showFog":true,"showMaterialUpdate":true,"showSkybox":true,"showFlares":true,"showImageEffects":true,"showParticleSystems":true},"in2DMode":false,"pivot":{"x":99.48250579833985,"y":1.3950562477111817,"z":92.56011199951172},"rotation":{"x":0.08320699632167816,"y":-0.15334485471248628,"z":0.012959137558937073,"w":0.9845800399780273},"size":3.8970396518707277,"orthographic":false}