{"cameraMode":{"drawMode":0,"name":"Shaded","section":"Shading Mode"},"sceneLighting":true,"audioPlay":false,"sceneViewState":{"showFog":true,"showMaterialUpdate":true,"showSkybox":true,"showFlares":true,"showImageEffects":true,"showParticleSystems":true},"in2DMode":false,"pivot":{"x":569.6326293945313,"y":269.5050964355469,"z":-13.5811767578125},"rotation":{"x":0.014994361437857151,"y":0.027291269972920419,"z":-0.0004108583671040833,"w":0.9995209574699402},"size":791.3369140625,"orthographic":false}