{"cameraMode":{"drawMode":0,"name":"Shaded","section":"Shading Mode"},"sceneLighting":false,"audioPlay":false,"sceneViewState":{"showFog":true,"showMaterialUpdate":true,"showSkybox":false,"showFlares":true,"showImageEffects":true,"showParticleSystems":true},"in2DMode":false,"pivot":{"x":102.75,"y":2.9600000381469728,"z":99.77999877929688},"rotation":{"x":0.005184597335755825,"y":-0.9938266277313232,"z":0.09751700609922409,"w":0.05282793194055557},"size":1.4532805681228638,"orthographic":false}