{"cameraMode":{"drawMode":0,"name":"Shaded","section":"Shading Mode"},"sceneLighting":true,"audioPlay":false,"sceneViewState":{"showFog":true,"showMaterialUpdate":true,"showSkybox":true,"showFlares":true,"showImageEffects":true,"showParticleSystems":true},"in2DMode":false,"pivot":{"x":100.02613830566406,"y":3.812190055847168,"z":93.83906555175781},"rotation":{"x":0.22167718410491944,"y":0.3506135642528534,"z":-0.0858009085059166,"w":0.905852198600769},"size":5.3888397216796879,"orthographic":false}