{"cameraMode":{"drawMode":0,"name":"Shaded","section":"Shading Mode"},"sceneLighting":true,"audioPlay":false,"sceneViewState":{"showFog":true,"showMaterialUpdate":true,"showSkybox":true,"showFlares":true,"showImageEffects":true,"showParticleSystems":true},"in2DMode":false,"pivot":{"x":100.5510025024414,"y":0.9550000429153442,"z":90.67536926269531},"rotation":{"x":0.005184597335755825,"y":-0.9938266277313232,"z":0.09751700609922409,"w":0.05282793194055557},"size":4.446807861328125,"orthographic":false}