{"cameraMode":{"drawMode":0,"name":"Shaded","section":"Shading Mode"},"sceneLighting":true,"audioPlay":false,"sceneViewState":{"showFog":true,"showMaterialUpdate":false,"showSkybox":true,"showFlares":true,"showImageEffects":true,"showParticleSystems":true},"in2DMode":false,"pivot":{"x":84.48255157470703,"y":8.95279312133789,"z":85.95272827148438},"rotation":{"x":0.016811739653348924,"y":0.9142414927482605,"z":0.038137175142765048,"w":-0.40302157402038576},"size":52.03386688232422,"orthographic":false}